id,name,link
1,ארלוזורוב - חנה וסע,https://www.ahuzot.co.il/Parking/ParkingDetails/?ID=1
2,בוגרשוב,https://www.ahuzot.co.il/Parking/ParkingDetails/?ID=2
3,בזל,https://www.ahuzot.co.il/Parking/ParkingDetails/?ID=3
4,חברה חדשה,https://www.ahuzot.co.il/Parking/ParkingDetails/?ID=4
7,בני דן,https://www.ahuzot.co.il/Parking/ParkingDetails/?ID=7
8,ברוריה,https://www.ahuzot.co.il/Parking/ParkingDetails/?ID=8
10,גולדה,https://www.ahuzot.co.il/Parking/ParkingDetails/?ID=10
12,גלי גיל,https://www.ahuzot.co.il/Parking/ParkingDetails/?ID=12
13,גן הכובשים 1 - מזרח,https://www.ahuzot.co.il/Parking/ParkingDetails/?ID=13
15,דובנוב,https://www.ahuzot.co.il/Parking/ParkingDetails/?ID=15
16,הארד,https://www.ahuzot.co.il/Parking/ParkingDetails/?ID=16
18,החשמל,https://www.ahuzot.co.il/Parking/ParkingDetails/?ID=18
19,הצפירה 1,https://www.ahuzot.co.il/Parking/ParkingDetails/?ID=19
20,הצפירה 2,https://www.ahuzot.co.il/Parking/ParkingDetails/?ID=20
21,"בית האצ""ל",https://www.ahuzot.co.il/Parking/ParkingDetails/?ID=21
23,פנחס רוזן,https://www.ahuzot.co.il/Parking/ParkingDetails/?ID=23
24,כרמל 1,https://www.ahuzot.co.il/Parking/ParkingDetails/?ID=24
25,הלוחמים,https://www.ahuzot.co.il/Parking/ParkingDetails/?ID=25
26,לולאה,https://www.ahuzot.co.il/Parking/ParkingDetails/?ID=26
28,התחנה,https://www.ahuzot.co.il/Parking/ParkingDetails/?ID=28
29,מונטיפיורי,https://www.ahuzot.co.il/Parking/ParkingDetails/?ID=29
31,מפעל הפיס,https://www.ahuzot.co.il/Parking/ParkingDetails/?ID=31
32,מרכזים,https://www.ahuzot.co.il/Parking/ParkingDetails/?ID=32
33,מרד,https://www.ahuzot.co.il/Parking/ParkingDetails/?ID=33
34,נחושת,https://www.ahuzot.co.il/Parking/ParkingDetails/?ID=34
37,סינרמה,https://www.ahuzot.co.il/Parking/ParkingDetails/?ID=37
38,סעדיה גאון,https://www.ahuzot.co.il/Parking/ParkingDetails/?ID=38
39,"פלמ""ח",https://www.ahuzot.co.il/Parking/ParkingDetails/?ID=39
40,רבניצקי,https://www.ahuzot.co.il/Parking/ParkingDetails/?ID=40
41,רידינג מערב,https://www.ahuzot.co.il/Parking/ParkingDetails/?ID=41
42,שרתון,https://www.ahuzot.co.il/Parking/ParkingDetails/?ID=42
44,התקומה,https://www.ahuzot.co.il/Parking/ParkingDetails/?ID=44
45,תל-נורדאו,https://www.ahuzot.co.il/Parking/ParkingDetails/?ID=45
48,מירשם,https://www.ahuzot.co.il/Parking/ParkingDetails/?ID=48
50,מדעי החברה,https://www.ahuzot.co.il/Parking/ParkingDetails/?ID=50
53,רפואת שיניים,https://www.ahuzot.co.il/Parking/ParkingDetails/?ID=53
54,"גלי צה""ל",https://www.ahuzot.co.il/Parking/ParkingDetails/?ID=54
55,"הבעש""ט",https://www.ahuzot.co.il/Parking/ParkingDetails/?ID=55
56,אבולעפיה,https://www.ahuzot.co.il/Parking/ParkingDetails/?ID=56
57,הרב קוק,https://www.ahuzot.co.il/Parking/ParkingDetails/?ID=57
58,יד אבנר,https://www.ahuzot.co.il/Parking/ParkingDetails/?ID=58
62,מי ומי,https://www.ahuzot.co.il/Parking/ParkingDetails/?ID=62
63,מכללה למינהל ומכללת לוינסקי 1,https://www.ahuzot.co.il/Parking/ParkingDetails/?ID=63
64,אחימאיר,https://www.ahuzot.co.il/Parking/ParkingDetails/?ID=64
65,סלודור,https://www.ahuzot.co.il/Parking/ParkingDetails/?ID=65
67,צבי נישרי,https://www.ahuzot.co.il/Parking/ParkingDetails/?ID=67
68,רפידים,https://www.ahuzot.co.il/Parking/ParkingDetails/?ID=68
69,שלונסקי,https://www.ahuzot.co.il/Parking/ParkingDetails/?ID=69
70,מבצע קדש,https://www.ahuzot.co.il/Parking/ParkingDetails/?ID=70
72,בית החייל,https://www.ahuzot.co.il/Parking/ParkingDetails/?ID=72
75,פליטי הספר,https://www.ahuzot.co.il/Parking/ParkingDetails/?ID=75
76,טירת צבי,https://www.ahuzot.co.il/Parking/ParkingDetails/?ID=76
77,המערכה,https://www.ahuzot.co.il/Parking/ParkingDetails/?ID=77
79,טאגור,https://www.ahuzot.co.il/Parking/ParkingDetails/?ID=79
80,מכללת יפו,https://www.ahuzot.co.il/Parking/ParkingDetails/?ID=80
81,עיר שמש,https://www.ahuzot.co.il/Parking/ParkingDetails/?ID=81
85,בית צורי,https://www.ahuzot.co.il/Parking/ParkingDetails/?ID=85
87,ברזאני,https://www.ahuzot.co.il/Parking/ParkingDetails/?ID=87
88,בן יוסף 2,https://www.ahuzot.co.il/Parking/ParkingDetails/?ID=88
89,וולפסון 2,https://www.ahuzot.co.il/Parking/ParkingDetails/?ID=89
90,מכללה למינהל ומכללת לוינסקי 3,https://www.ahuzot.co.il/Parking/ParkingDetails/?ID=90
91,מכללה למינהל ומכללת לוינסקי 2,https://www.ahuzot.co.il/Parking/ParkingDetails/?ID=91
93,בית הדר,https://www.ahuzot.co.il/Parking/ParkingDetails/?ID=93
94,התרבות,https://www.ahuzot.co.il/Parking/ParkingDetails/?ID=94
95,סמולרש,https://www.ahuzot.co.il/Parking/ParkingDetails/?ID=95
96,כלכלה,https://www.ahuzot.co.il/Parking/ParkingDetails/?ID=96
98,גולפיטק,https://www.ahuzot.co.il/Parking/ParkingDetails/?ID=98
99,גני יהושע,https://www.ahuzot.co.il/Parking/ParkingDetails/?ID=99
108,סוציאלית (מעונות),https://www.ahuzot.co.il/Parking/ParkingDetails/?ID=108
110,אלוף,https://www.ahuzot.co.il/Parking/ParkingDetails/?ID=110
114,כרמל 2,https://www.ahuzot.co.il/Parking/ParkingDetails/?ID=114
119,לסקוב,https://www.ahuzot.co.il/Parking/ParkingDetails/?ID=119
120,ליבר,https://www.ahuzot.co.il/Parking/ParkingDetails/?ID=120
121,המוזיאונים,https://www.ahuzot.co.il/Parking/ParkingDetails/?ID=121
122,אסותא,https://www.ahuzot.co.il/Parking/ParkingDetails/?ID=122
123,ארלוזורוב 17,https://www.ahuzot.co.il/Parking/ParkingDetails/?ID=123
124,גולדמן,https://www.ahuzot.co.il/Parking/ParkingDetails/?ID=124
126,רידינג מזרח,https://www.ahuzot.co.il/Parking/ParkingDetails/?ID=126
127,צמרות,https://www.ahuzot.co.il/Parking/ParkingDetails/?ID=127
129,גן הכובשים 2 - מערב,https://www.ahuzot.co.il/Parking/ParkingDetails/?ID=129
131,רמז-ארלוזורוב,https://www.ahuzot.co.il/Parking/ParkingDetails/?ID=131
132,כיכר עליה,https://www.ahuzot.co.il/Parking/ParkingDetails/?ID=132
133,המשתלה,https://www.ahuzot.co.il/Parking/ParkingDetails/?ID=133
134,חוף תל ברוך,https://www.ahuzot.co.il/Parking/ParkingDetails/?ID=134
135,קצה השדרה (רוטשילד 1),https://www.ahuzot.co.il/Parking/ParkingDetails/?ID=135
137,כיתן,https://www.ahuzot.co.il/Parking/ParkingDetails/?ID=137
138,בן יוסף,https://www.ahuzot.co.il/Parking/ParkingDetails/?ID=138
140,סוללים,https://www.ahuzot.co.il/Parking/ParkingDetails/?ID=140
